group_type,group_value,closed_trades,wins,losses,win_rate,realized_pnl_usd,avg_return_pct,avg_pnl_usd,avg_holding_days
tier,,3,0,3,0.0,-3.7399999999999998,-0.11063084455529938,-1.2466666666666666,10.333333333333334
latest_action,,3,0,3,0.0,-3.7399999999999998,-0.11063084455529938,-1.2466666666666666,10.333333333333334
latest_reasons,,3,0,3,0.0,-3.7399999999999998,-0.11063084455529938,-1.2466666666666666,10.333333333333334
market_regime,,3,0,3,0.0,-3.7399999999999998,-0.11063084455529938,-1.2466666666666666,10.333333333333334
aggressive_mode_active,,3,0,3,0.0,-3.7399999999999998,-0.11063084455529938,-1.2466666666666666,10.333333333333334
exit_action,,3,0,3,0.0,-3.7399999999999998,-0.11063084455529938,-1.2466666666666666,10.333333333333334
exit_reason,,3,0,3,0.0,-3.7399999999999998,-0.11063084455529938,-1.2466666666666666,10.333333333333334
