group_type,group_value,closed_trades,wins,losses,win_rate,realized_pnl_usd,avg_return_pct,avg_pnl_usd
tier,MOMENTUM,2,0,2,0.0,-3.1499999999999986,-0.13974733255230964,-1.5749999999999993
latest_action,WATCH,2,0,2,0.0,-3.1499999999999986,-0.13974733255230964,-1.5749999999999993
latest_reasons,Momentum tier boost,2,0,2,0.0,-3.1499999999999986,-0.13974733255230964,-1.5749999999999993
