group_type,group_value,closed_trades,wins,losses,win_rate,realized_pnl_usd,avg_return_pct,avg_pnl_usd
tier,MOONSHOT,2,0,2,0.0,-3.1499999999999986,-0.13974733255230964,-1.5749999999999993
tier,QUALITY,1,0,1,0.0,-0.5899999999999999,-0.05239786856127885,-0.5899999999999999
latest_action,WATCH,3,0,3,0.0,-3.7399999999999984,-0.11063084455529938,-1.2466666666666661
latest_reasons,Market regime: Risk On,1,0,1,0.0,-0.5899999999999999,-0.05239786856127885,-0.5899999999999999
latest_reasons,Market regime: Risk On; Moonshot tier boost,2,0,2,0.0,-3.1499999999999986,-0.13974733255230964,-1.5749999999999993
